firstname,lastname,emailid
Jonathan,Adames,jadames@vspty.com
Monica,Bell,mbell@reprico.com
Marta,Hernandez,mhernandez@reprico.com
Diana,Espinosa,despinosa@reprico.com
Edilberto,Caballero,ecaballero@reprico.com
Abdiel,Guevara,aguevara@reprico.com
Julio,Altamiranda,jaltamiranda@reprico.com
Jean Carlos,Samaniego,jsamaniego@reprico.com
Darllery,Almamza,dalmanza@reprico.com
Xiomara,Arauz,luiyxarauz@gmail.com
Cristel,Fuentes,cfuentes@reprico.com
Anel,Serrano,aserrano@reprico.com
Raul,Saavedra,rsaavedra@reprico.com
Yaideth,londono,ylondono@reprico.com
Ricardo,Elias,relias@reprico.com
Dilsa,Gonzalez,dgvelazco@reprico.com
Zurisadai,Gomez,zgomez@reprico.com
Samuel,Sanchez,ssanchez@reprico.com
Gisselle,Rosas,grosas@reprico.com
Madeleine,Mollah,mmollah@reprico.com
Geneva,Bravo,gbravo@reprico.com
Ileana,Collado,icollado@reprico.com
Mariel,Guerrero,mguerrero@reprico.com
Martin,Castillo,mcastillo@reprico.com